{
  "full_name": "Audrey Roy Greenfeld",
  "email": "audreyr@example.com",
  "github_username": "audreyr",
  "project_name": "Python Boilerplate",
  "project_slug": "{{ cookiecutter.project_name.lower().replace(' ', '_').replace('-', '_') }}",
  "project_short_description": "Python Boilerplate contains all the boilerplate you need to create a Python package.",
  "pypi_username": "{{ cookiecutter.github_username }}",
  "version": "0.1.0",
  "use_pytest": "n",
  "use_pypi_deployment_with_travis": "y",
  "add_pyup_badge": "n",
  "command_line_interface": ["Typer", "Argparse", "No command-line interface"],
  "create_author_file": "y",
  "open_source_license": ["MIT license", "BSD license", "ISC license", "Apache Software License 2.0", "GNU General Public License v3", "Not open source"],
  "__gh_slug": "{{ cookiecutter.github_username }}/{{ cookiecutter.project_slug }}"
}
